{"cameraMode":{"drawMode":0,"name":"Shaded","section":"Shading Mode"},"sceneLighting":false,"audioPlay":false,"sceneViewState":{"showFog":true,"showMaterialUpdate":false,"showSkybox":true,"showFlares":true,"showImageEffects":true,"showParticleSystems":true},"in2DMode":false,"pivot":{"x":-1.2705078125,"y":3.6473388671875,"z":-0.022617340087890626},"rotation":{"x":-0.013562164269387722,"y":-0.9625905156135559,"z":0.26638633012771609,"w":-0.04768611490726471},"size":9.730401039123536,"orthographic":true}