{"cameraMode":{"drawMode":0,"name":"Shaded","section":"Shading Mode"},"sceneLighting":false,"audioPlay":false,"sceneViewState":{"showFog":true,"showMaterialUpdate":false,"showSkybox":true,"showFlares":true,"showImageEffects":true,"showParticleSystems":true},"in2DMode":false,"pivot":{"x":0.09000015258789063,"y":-2.880000352859497,"z":7.760000228881836},"rotation":{"x":0.19056583940982819,"y":-0.48864704370498659,"z":0.11029233038425446,"w":0.8442419171333313},"size":34.015625,"orthographic":true}