{"cameraMode":{"drawMode":0,"name":"Shaded","section":"Shading Mode"},"sceneLighting":false,"audioPlay":false,"sceneViewState":{"showFog":true,"showMaterialUpdate":false,"showSkybox":true,"showFlares":true,"showImageEffects":true,"showParticleSystems":true},"in2DMode":false,"pivot":{"x":9.140000343322754,"y":3.184011936187744,"z":-2.198320150375366},"rotation":{"x":-0.27379927039146426,"y":-0.03140322491526604,"z":0.009187954477965832,"w":-0.9612302184104919},"size":17.449268341064454,"orthographic":true}