{"cameraMode":{"drawMode":0,"name":"Shaded","section":"Shading Mode"},"sceneLighting":false,"audioPlay":false,"sceneViewState":{"showFog":true,"showMaterialUpdate":false,"showSkybox":true,"showFlares":true,"showImageEffects":true,"showParticleSystems":true},"in2DMode":false,"pivot":{"x":0.18056917190551759,"y":0.05593085289001465,"z":1.6517804861068726},"rotation":{"x":0.05558929592370987,"y":0.5120370388031006,"z":-0.03323211148381233,"w":0.8565182685852051},"size":3.4895572662353517,"orthographic":false}