{"cameraMode":{"drawMode":0,"name":"Shaded","section":"Shading Mode"},"sceneLighting":false,"audioPlay":false,"sceneViewState":{"showFog":true,"showMaterialUpdate":false,"showSkybox":true,"showFlares":true,"showImageEffects":true,"showParticleSystems":true},"in2DMode":false,"pivot":{"x":30.5489501953125,"y":91.17788696289063,"z":404.1961669921875},"rotation":{"x":-0.3099934160709381,"y":0.28808629512786868,"z":-0.09914525598287583,"w":-0.9006001353263855},"size":6252.51611328125,"orthographic":true}