{"cameraMode":{"drawMode":0,"name":"Shaded","section":"Shading Mode"},"sceneLighting":false,"audioPlay":false,"sceneViewState":{"showFog":true,"showMaterialUpdate":false,"showSkybox":true,"showFlares":true,"showImageEffects":true,"showParticleSystems":true},"in2DMode":false,"pivot":{"x":-2.384185791015625e-7,"y":0.0000011920928955078126,"z":-7.152557373046875e-7},"rotation":{"x":-0.10028688609600067,"y":-0.8297075629234314,"z":0.1581728458404541,"w":-0.5258414149284363},"size":16.005435943603517,"orthographic":true}