{"cameraMode":{"drawMode":0,"name":"Shaded","section":"Shading Mode"},"sceneLighting":false,"audioPlay":false,"sceneViewState":{"showFog":true,"showMaterialUpdate":false,"showSkybox":true,"showFlares":true,"showImageEffects":true,"showParticleSystems":true},"in2DMode":false,"pivot":{"x":-414.29998779296877,"y":6.0,"z":87.55000305175781},"rotation":{"x":0.08428730815649033,"y":-0.853813886642456,"z":0.14612236618995667,"w":0.49248942732810976},"size":69.55007934570313,"orthographic":true}