{"cameraMode":{"drawMode":0,"name":"Shaded","section":"Shading Mode"},"sceneLighting":false,"audioPlay":false,"sceneViewState":{"showFog":true,"showMaterialUpdate":false,"showSkybox":true,"showFlares":true,"showImageEffects":true,"showParticleSystems":true},"in2DMode":false,"pivot":{"x":115.1109619140625,"y":-140.99183654785157,"z":598.1019287109375},"rotation":{"x":-0.3422853350639343,"y":-0.047330062836408618,"z":0.01726657524704933,"w":-0.9382444024085999},"size":22.0,"orthographic":false}