{"cameraMode":{"drawMode":0,"name":"Shaded","section":"Shading Mode"},"sceneLighting":false,"audioPlay":false,"sceneViewState":{"showFog":true,"showMaterialUpdate":false,"showSkybox":true,"showFlares":true,"showImageEffects":true,"showParticleSystems":true},"in2DMode":false,"pivot":{"x":-169.80506896972657,"y":2.930227279663086,"z":-3.920206069946289},"rotation":{"x":0.3364066481590271,"y":-0.044612638652324679,"z":0.015956440940499307,"w":0.9405242204666138},"size":33.44636917114258,"orthographic":false}