{"cameraMode":{"drawMode":0,"name":"Shaded","section":"Shading Mode"},"sceneLighting":false,"audioPlay":false,"sceneViewState":{"showFog":true,"showMaterialUpdate":false,"showSkybox":true,"showFlares":true,"showImageEffects":true,"showParticleSystems":true},"in2DMode":false,"pivot":{"x":114.84432983398438,"y":5.184011936187744,"z":-1.279263973236084},"rotation":{"x":0.018897954374551774,"y":0.006321663968265057,"z":-0.00011264099885011092,"w":0.9998014569282532},"size":9.024310111999512,"orthographic":true}