{"cameraMode":{"drawMode":0,"name":"Shaded","section":"Shading Mode"},"sceneLighting":false,"audioPlay":false,"sceneViewState":{"showFog":true,"showMaterialUpdate":false,"showSkybox":true,"showFlares":true,"showImageEffects":true,"showParticleSystems":true},"in2DMode":false,"pivot":{"x":13.76586627960205,"y":-18.07369041442871,"z":-803.2285766601563},"rotation":{"x":-0.026521405205130578,"y":0.9479638934135437,"z":-0.0820326954126358,"w":-0.30648282170295718},"size":22.0,"orthographic":false}