{"cameraMode":{"drawMode":0,"name":"Shaded","section":"Shading Mode"},"sceneLighting":false,"audioPlay":false,"sceneViewState":{"showFog":true,"showMaterialUpdate":false,"showSkybox":true,"showFlares":true,"showImageEffects":true,"showParticleSystems":true},"in2DMode":false,"pivot":{"x":-22.094181060791017,"y":5.462613105773926,"z":-28.7407283782959},"rotation":{"x":0.007778623607009649,"y":0.9893249273300171,"z":-0.05794761702418327,"w":0.1334833949804306},"size":180.65744018554688,"orthographic":true}