{"cameraMode":{"drawMode":0,"name":"Shaded","section":"Shading Mode"},"sceneLighting":false,"audioPlay":false,"sceneViewState":{"showFog":true,"showMaterialUpdate":false,"showSkybox":true,"showFlares":true,"showImageEffects":true,"showParticleSystems":true},"in2DMode":false,"pivot":{"x":2.299999952316284,"y":-2.759999990463257,"z":465.3999938964844},"rotation":{"x":0.16296517848968507,"y":-0.6714120507240295,"z":0.1549496054649353,"w":0.7061436772346497},"size":4.514665603637695,"orthographic":false}