{"cameraMode":{"drawMode":0,"name":"Shaded","section":"Shading Mode"},"sceneLighting":true,"audioPlay":false,"sceneViewState":{"showFog":true,"showMaterialUpdate":false,"showSkybox":true,"showFlares":true,"showImageEffects":true,"showParticleSystems":true},"in2DMode":false,"pivot":{"x":4.907225608825684,"y":1.5805339813232422,"z":3.561166763305664},"rotation":{"x":0.08426429331302643,"y":-0.8701881766319275,"z":0.15998052060604096,"w":0.45834293961524966},"size":12.003111839294434,"orthographic":false}