{"cameraMode":{"drawMode":0,"name":"Shaded","section":"Shading Mode"},"sceneLighting":false,"audioPlay":false,"sceneViewState":{"showFog":true,"showMaterialUpdate":false,"showSkybox":true,"showFlares":true,"showImageEffects":true,"showParticleSystems":true},"in2DMode":false,"pivot":{"x":-0.012276649475097657,"y":0.002631545066833496,"z":0.8298643827438355},"rotation":{"x":-0.001091052545234561,"y":0.9792498350143433,"z":-0.20258532464504243,"w":-0.005276923067867756},"size":11.936362266540528,"orthographic":true}