{"cameraMode":{"drawMode":0,"name":"Shaded","section":"Shading Mode"},"sceneLighting":false,"audioPlay":false,"sceneViewState":{"showFog":true,"showMaterialUpdate":false,"showSkybox":true,"showFlares":true,"showImageEffects":true,"showParticleSystems":true},"in2DMode":false,"pivot":{"x":6.40000057220459,"y":-0.14000022411346436,"z":-15.560003280639649},"rotation":{"x":-0.08341822028160095,"y":-0.7461655139923096,"z":0.09517580270767212,"w":-0.6536207795143127},"size":12.90080738067627,"orthographic":true}