{"cameraMode":{"drawMode":0,"name":"Shaded","section":"Shading Mode"},"sceneLighting":false,"audioPlay":false,"sceneViewState":{"showFog":true,"showMaterialUpdate":false,"showSkybox":true,"showFlares":true,"showImageEffects":true,"showParticleSystems":true},"in2DMode":false,"pivot":{"x":-948.1886596679688,"y":-52.101524353027347,"z":2889.75927734375},"rotation":{"x":-0.059282705187797549,"y":0.9406631588935852,"z":-0.23101472854614259,"w":-0.24139319360256196},"size":682.61572265625,"orthographic":false}