{"cameraMode":{"drawMode":0,"name":"Shaded","section":"Shading Mode"},"sceneLighting":false,"audioPlay":false,"sceneViewState":{"showFog":true,"showMaterialUpdate":false,"showSkybox":true,"showFlares":true,"showImageEffects":true,"showParticleSystems":true},"in2DMode":false,"pivot":{"x":2.299999952316284,"y":-2.2495508193969728,"z":465.37274169921877},"rotation":{"x":0.255172997713089,"y":0.044936198741197589,"z":-0.011872696690261364,"w":0.9657777547836304},"size":12.990382194519043,"orthographic":false}