{"cameraMode":{"drawMode":0,"name":"Shaded","section":"Shading Mode"},"sceneLighting":false,"audioPlay":false,"sceneViewState":{"showFog":true,"showMaterialUpdate":false,"showSkybox":true,"showFlares":true,"showImageEffects":true,"showParticleSystems":true},"in2DMode":false,"pivot":{"x":-411.0,"y":-2.2495508193969728,"z":487.41729736328127},"rotation":{"x":-0.11061549931764603,"y":-0.7807693481445313,"z":0.1445026993751526,"w":-0.5977310538291931},"size":12.990382194519043,"orthographic":true}