{"cameraMode":{"drawMode":0,"name":"Shaded","section":"Shading Mode"},"sceneLighting":false,"audioPlay":false,"sceneViewState":{"showFog":true,"showMaterialUpdate":false,"showSkybox":true,"showFlares":true,"showImageEffects":true,"showParticleSystems":true},"in2DMode":false,"pivot":{"x":-393.1000061035156,"y":-2.2495508193969728,"z":855.127197265625},"rotation":{"x":-0.07558503746986389,"y":0.8722634315490723,"z":-0.1428408920764923,"w":-0.46156251430511477},"size":12.990341186523438,"orthographic":false}