{"cameraMode":{"drawMode":0,"name":"Shaded","section":"Shading Mode"},"sceneLighting":false,"audioPlay":false,"sceneViewState":{"showFog":true,"showMaterialUpdate":false,"showSkybox":true,"showFlares":true,"showImageEffects":true,"showParticleSystems":true},"in2DMode":false,"pivot":{"x":1469.7144775390625,"y":-462.5946350097656,"z":3382.312255859375},"rotation":{"x":-0.10264183580875397,"y":0.897197961807251,"z":-0.2946566343307495,"w":-0.3125346601009369},"size":879.3971557617188,"orthographic":false}