{"cameraMode":{"drawMode":0,"name":"Shaded","section":"Shading Mode"},"sceneLighting":false,"audioPlay":false,"sceneViewState":{"showFog":true,"showMaterialUpdate":false,"showSkybox":true,"showFlares":true,"showImageEffects":true,"showParticleSystems":true},"in2DMode":false,"pivot":{"x":685.59033203125,"y":4.4972381591796879,"z":3565.171630859375},"rotation":{"x":-0.10264183580875397,"y":0.897197961807251,"z":-0.2946566343307495,"w":-0.3125346601009369},"size":6981.28515625,"orthographic":false}