{"cameraMode":{"drawMode":0,"name":"Shaded","section":"Shading Mode"},"sceneLighting":false,"audioPlay":false,"sceneViewState":{"showFog":true,"showMaterialUpdate":false,"showSkybox":true,"showFlares":true,"showImageEffects":true,"showParticleSystems":true},"in2DMode":false,"pivot":{"x":531.9979858398438,"y":479.7725524902344,"z":-9.475341796875},"rotation":{"x":0.00038308516377583146,"y":0.9983913898468018,"z":-0.056289441883563998,"w":0.006789886858314276},"size":1000.5840454101563,"orthographic":false}