{"cameraMode":{"drawMode":0,"name":"Shaded","section":"Shading Mode"},"sceneLighting":false,"audioPlay":false,"sceneViewState":{"showFog":true,"showMaterialUpdate":false,"showSkybox":true,"showFlares":true,"showImageEffects":true,"showParticleSystems":true},"in2DMode":false,"pivot":{"x":2.299999952316284,"y":-2.2495508193969728,"z":465.37274169921877},"rotation":{"x":0.13814762234687806,"y":-0.3065335154533386,"z":0.04501613974571228,"w":0.9407050609588623},"size":12.990382194519043,"orthographic":false}