{"cameraMode":{"drawMode":0,"name":"Shaded","section":"Shading Mode"},"sceneLighting":false,"audioPlay":false,"sceneViewState":{"showFog":true,"showMaterialUpdate":false,"showSkybox":true,"showFlares":true,"showImageEffects":true,"showParticleSystems":true},"in2DMode":false,"pivot":{"x":569.2017211914063,"y":490.0038146972656,"z":-11.72540283203125},"rotation":{"x":0.003257439937442541,"y":0.9965805411338806,"z":-0.06669127941131592,"w":0.04867248609662056},"size":960.7782592773438,"orthographic":false}