{"cameraMode":{"drawMode":0,"name":"Shaded","section":"Shading Mode"},"sceneLighting":false,"audioPlay":false,"sceneViewState":{"showFog":true,"showMaterialUpdate":false,"showSkybox":true,"showFlares":true,"showImageEffects":true,"showParticleSystems":true},"in2DMode":false,"pivot":{"x":-3.950000047683716,"y":0.23439215123653413,"z":-2.622361421585083},"rotation":{"x":0.06038137525320053,"y":0.9395785927772522,"z":-0.23373867571353913,"w":0.24271878600120545},"size":22.0,"orthographic":false}