{"cameraMode":{"drawMode":0,"name":"Shaded","section":"Shading Mode"},"sceneLighting":false,"audioPlay":false,"sceneViewState":{"showFog":true,"showMaterialUpdate":false,"showSkybox":true,"showFlares":true,"showImageEffects":true,"showParticleSystems":true},"in2DMode":false,"pivot":{"x":-5.2768073081970219,"y":1.2330880165100098,"z":3.4604249000549318},"rotation":{"x":-0.16533276438713075,"y":-0.3212850093841553,"z":0.05707467719912529,"w":-0.9306898713111877},"size":3.3380141258239748,"orthographic":false}