{"cameraMode":{"drawMode":0,"name":"Shaded","section":"Shading Mode"},"sceneLighting":false,"audioPlay":false,"sceneViewState":{"showFog":true,"showMaterialUpdate":false,"showSkybox":true,"showFlares":true,"showImageEffects":true,"showParticleSystems":true},"in2DMode":false,"pivot":{"x":-0.0010747909545898438,"y":0.22393798828125,"z":-3.4411301612854006},"rotation":{"x":0.14997783303260804,"y":-0.4391675293445587,"z":0.07462222874164581,"w":0.8826495409011841},"size":15.938458442687989,"orthographic":false}