{"cameraMode":{"drawMode":0,"name":"Shaded","section":"Shading Mode"},"sceneLighting":true,"audioPlay":false,"sceneViewState":{"showFog":true,"showMaterialUpdate":false,"showSkybox":true,"showFlares":true,"showImageEffects":true,"showParticleSystems":true},"in2DMode":false,"pivot":{"x":-4.760000228881836,"y":1.5799999237060547,"z":10.529999732971192},"rotation":{"x":0.09010280668735504,"y":-0.8415077924728394,"z":0.14819201827049256,"w":0.5116495490074158},"size":3.9786088466644289,"orthographic":false}