{"cameraMode":{"drawMode":0,"name":"Shaded","section":"Shading Mode"},"sceneLighting":false,"audioPlay":false,"sceneViewState":{"showFog":true,"showMaterialUpdate":false,"showSkybox":true,"showFlares":true,"showImageEffects":true,"showParticleSystems":true},"in2DMode":false,"pivot":{"x":605.5,"y":492.9105529785156,"z":-3.158647298812866},"rotation":{"x":0.0055780960246920589,"y":0.9943308234214783,"z":-0.08153865486383438,"w":0.0680193156003952},"size":1075.263671875,"orthographic":false}