{"cameraMode":{"drawMode":0,"name":"Shaded","section":"Shading Mode"},"sceneLighting":false,"audioPlay":false,"sceneViewState":{"showFog":true,"showMaterialUpdate":false,"showSkybox":true,"showFlares":true,"showImageEffects":true,"showParticleSystems":true},"in2DMode":false,"pivot":{"x":13.330000877380371,"y":-7.663559913635254,"z":2.0699996948242189},"rotation":{"x":0.2831609547138214,"y":0.3134493827819824,"z":-0.09853001683950424,"w":0.9010334610939026},"size":30.98184585571289,"orthographic":true}