{"cameraMode":{"drawMode":0,"name":"Shaded","section":"Shading Mode"},"sceneLighting":false,"audioPlay":false,"sceneViewState":{"showFog":true,"showMaterialUpdate":false,"showSkybox":true,"showFlares":true,"showImageEffects":true,"showParticleSystems":true},"in2DMode":false,"pivot":{"x":545.2855834960938,"y":384.71923828125,"z":-48.7340087890625},"rotation":{"x":0.0055780960246920589,"y":0.9943308234214783,"z":-0.08153865486383438,"w":0.0680193156003952},"size":1349.184326171875,"orthographic":false}