{"cameraMode":{"drawMode":0,"name":"Shaded","section":"Shading Mode"},"sceneLighting":false,"audioPlay":false,"sceneViewState":{"showFog":true,"showMaterialUpdate":false,"showSkybox":true,"showFlares":true,"showImageEffects":true,"showParticleSystems":true},"in2DMode":false,"pivot":{"x":-4.8236541748046879,"y":1.729438304901123,"z":-10.511873245239258},"rotation":{"x":-0.16533276438713075,"y":-0.3212850093841553,"z":0.05707467719912529,"w":-0.9306898713111877},"size":5.996866226196289,"orthographic":false}