{"cameraMode":{"drawMode":0,"name":"Shaded","section":"Shading Mode"},"sceneLighting":false,"audioPlay":false,"sceneViewState":{"showFog":true,"showMaterialUpdate":false,"showSkybox":true,"showFlares":true,"showImageEffects":true,"showParticleSystems":true},"in2DMode":false,"pivot":{"x":-1.1920928955078126e-7,"y":0.0000021457672119140627,"z":-0.000002384185791015625},"rotation":{"x":-0.14391805231571198,"y":-0.2731471061706543,"z":0.0413689948618412,"w":-0.95024573802948},"size":11.620462417602539,"orthographic":false}